{
    "entity_f1": 0.00020417607302555856,
    "entity_precision": 0.00010382059800664452,
    "entity_recall": 0.008928571428571428,
    "relation_f1": 0.04298941798941799,
    "relation_precision": 0.10542635658914727,
    "relation_recall": 0.16886187098953057
}